"Scenario","Seed","Method","n_called","TP","FP","FN","Sensitivity","FDR","Precision","n_sep_A","n_sep_B","Jaccard_vs_intersect","n_only_in_joint_vs_intersect","TP_only_in_joint_vs_intersect","n_only_in_intersect_vs_joint","TP_only_in_intersect_vs_joint"
"balanced",43,"Separate_intersect",29,29,0,71,0.29,0,1,45,44,1,NA,NA,NA,NA
"balanced",43,"Separate_union",60,58,2,42,0.58,0.0333333333333333,0.966666666666667,NA,NA,NA,NA,NA,NA,NA
"balanced",43,"Joint_Condition_only_harmonized",92,86,6,14,0.86,0.0652173913043478,0.934782608695652,NA,NA,NA,NA,NA,NA,NA
"balanced",43,"Joint_Condition_Platform_harmonized",92,86,6,14,0.86,0.0652173913043478,0.934782608695652,NA,NA,0.315217391304348,63,57,0,0
"balanced",43,"Joint_Condition_only_raw",2,2,0,98,0.02,0,1,NA,NA,NA,NA,NA,NA,NA
"balanced",43,"Joint_Condition_Platform_raw",94,89,5,11,0.89,0.0531914893617021,0.946808510638298,NA,NA,NA,NA,NA,NA,NA
"balanced",44,"Separate_intersect",29,29,0,71,0.29,0,1,42,41,1,NA,NA,NA,NA
"balanced",44,"Separate_union",54,54,0,46,0.54,0,1,NA,NA,NA,NA,NA,NA,NA
"balanced",44,"Joint_Condition_only_harmonized",95,88,7,12,0.88,0.0736842105263158,0.926315789473684,NA,NA,NA,NA,NA,NA,NA
"balanced",44,"Joint_Condition_Platform_harmonized",95,88,7,12,0.88,0.0736842105263158,0.926315789473684,NA,NA,0.305263157894737,66,59,0,0
"balanced",44,"Joint_Condition_only_raw",1,1,0,99,0.01,0,1,NA,NA,NA,NA,NA,NA,NA
"balanced",44,"Joint_Condition_Platform_raw",96,88,8,12,0.88,0.0833333333333333,0.916666666666667,NA,NA,NA,NA,NA,NA,NA
"balanced",45,"Separate_intersect",31,31,0,69,0.31,0,1,45,52,1,NA,NA,NA,NA
"balanced",45,"Separate_union",66,65,1,35,0.65,0.0151515151515152,0.984848484848485,NA,NA,NA,NA,NA,NA,NA
"balanced",45,"Joint_Condition_only_harmonized",93,92,1,8,0.92,0.010752688172043,0.989247311827957,NA,NA,NA,NA,NA,NA,NA
"balanced",45,"Joint_Condition_Platform_harmonized",92,91,1,9,0.91,0.0108695652173913,0.989130434782609,NA,NA,0.33695652173913,61,60,0,0
"balanced",45,"Joint_Condition_only_raw",0,0,0,100,0,NA,NA,NA,NA,NA,NA,NA,NA,NA
"balanced",45,"Joint_Condition_Platform_raw",98,96,2,4,0.96,0.0204081632653061,0.979591836734694,NA,NA,NA,NA,NA,NA,NA
"balanced",46,"Separate_intersect",28,28,0,72,0.28,0,1,38,50,1,NA,NA,NA,NA
"balanced",46,"Separate_union",60,59,1,41,0.59,0.0166666666666667,0.983333333333333,NA,NA,NA,NA,NA,NA,NA
"balanced",46,"Joint_Condition_only_harmonized",92,90,2,10,0.9,0.0217391304347826,0.978260869565217,NA,NA,NA,NA,NA,NA,NA
"balanced",46,"Joint_Condition_Platform_harmonized",92,90,2,10,0.9,0.0217391304347826,0.978260869565217,NA,NA,0.304347826086957,64,62,0,0
"balanced",46,"Joint_Condition_only_raw",10,10,0,90,0.1,0,1,NA,NA,NA,NA,NA,NA,NA
"balanced",46,"Joint_Condition_Platform_raw",96,90,6,10,0.9,0.0625,0.9375,NA,NA,NA,NA,NA,NA,NA
"balanced",47,"Separate_intersect",26,26,0,74,0.26,0,1,41,34,1,NA,NA,NA,NA
"balanced",47,"Separate_union",49,48,1,52,0.48,0.0204081632653061,0.979591836734694,NA,NA,NA,NA,NA,NA,NA
"balanced",47,"Joint_Condition_only_harmonized",91,88,3,12,0.88,0.032967032967033,0.967032967032967,NA,NA,NA,NA,NA,NA,NA
"balanced",47,"Joint_Condition_Platform_harmonized",90,87,3,13,0.87,0.0333333333333333,0.966666666666667,NA,NA,0.288888888888889,64,61,0,0
"balanced",47,"Joint_Condition_only_raw",0,0,0,100,0,NA,NA,NA,NA,NA,NA,NA,NA,NA
"balanced",47,"Joint_Condition_Platform_raw",98,93,5,7,0.93,0.0510204081632653,0.948979591836735,NA,NA,NA,NA,NA,NA,NA
"balanced",48,"Separate_intersect",22,22,0,78,0.22,0,1,38,42,1,NA,NA,NA,NA
"balanced",48,"Separate_union",58,56,2,44,0.56,0.0344827586206897,0.96551724137931,NA,NA,NA,NA,NA,NA,NA
"balanced",48,"Joint_Condition_only_harmonized",96,89,7,11,0.89,0.0729166666666667,0.927083333333333,NA,NA,NA,NA,NA,NA,NA
"balanced",48,"Joint_Condition_Platform_harmonized",96,89,7,11,0.89,0.0729166666666667,0.927083333333333,NA,NA,0.229166666666667,74,67,0,0
"balanced",48,"Joint_Condition_only_raw",1,1,0,99,0.01,0,1,NA,NA,NA,NA,NA,NA,NA
"balanced",48,"Joint_Condition_Platform_raw",100,92,8,8,0.92,0.08,0.92,NA,NA,NA,NA,NA,NA,NA
"balanced",49,"Separate_intersect",24,24,0,76,0.24,0,1,39,44,1,NA,NA,NA,NA
"balanced",49,"Separate_union",59,58,1,42,0.58,0.0169491525423729,0.983050847457627,NA,NA,NA,NA,NA,NA,NA
"balanced",49,"Joint_Condition_only_harmonized",90,85,5,15,0.85,0.0555555555555556,0.944444444444444,NA,NA,NA,NA,NA,NA,NA
"balanced",49,"Joint_Condition_Platform_harmonized",87,84,3,16,0.84,0.0344827586206897,0.96551724137931,NA,NA,0.275862068965517,63,60,0,0
"balanced",49,"Joint_Condition_only_raw",4,4,0,96,0.04,0,1,NA,NA,NA,NA,NA,NA,NA
"balanced",49,"Joint_Condition_Platform_raw",90,90,0,10,0.9,0,1,NA,NA,NA,NA,NA,NA,NA
"balanced",50,"Separate_intersect",31,31,0,69,0.31,0,1,47,44,1,NA,NA,NA,NA
"balanced",50,"Separate_union",60,58,2,42,0.58,0.0333333333333333,0.966666666666667,NA,NA,NA,NA,NA,NA,NA
"balanced",50,"Joint_Condition_only_harmonized",91,88,3,12,0.88,0.032967032967033,0.967032967032967,NA,NA,NA,NA,NA,NA,NA
"balanced",50,"Joint_Condition_Platform_harmonized",89,86,3,14,0.86,0.0337078651685393,0.966292134831461,NA,NA,0.348314606741573,58,55,0,0
"balanced",50,"Joint_Condition_only_raw",12,12,0,88,0.12,0,1,NA,NA,NA,NA,NA,NA,NA
"balanced",50,"Joint_Condition_Platform_raw",93,88,5,12,0.88,0.0537634408602151,0.946236559139785,NA,NA,NA,NA,NA,NA,NA
"balanced",51,"Separate_intersect",34,34,0,66,0.34,0,1,57,44,1,NA,NA,NA,NA
"balanced",51,"Separate_union",67,64,3,36,0.64,0.0447761194029851,0.955223880597015,NA,NA,NA,NA,NA,NA,NA
"balanced",51,"Joint_Condition_only_harmonized",88,88,0,12,0.88,0,1,NA,NA,NA,NA,NA,NA,NA
"balanced",51,"Joint_Condition_Platform_harmonized",86,86,0,14,0.86,0,1,NA,NA,0.395348837209302,52,52,0,0
"balanced",51,"Joint_Condition_only_raw",1,1,0,99,0.01,0,1,NA,NA,NA,NA,NA,NA,NA
"balanced",51,"Joint_Condition_Platform_raw",93,91,2,9,0.91,0.021505376344086,0.978494623655914,NA,NA,NA,NA,NA,NA,NA
"balanced",52,"Separate_intersect",22,22,0,78,0.22,0,1,36,43,1,NA,NA,NA,NA
"balanced",52,"Separate_union",57,56,1,44,0.56,0.0175438596491228,0.982456140350877,NA,NA,NA,NA,NA,NA,NA
"balanced",52,"Joint_Condition_only_harmonized",86,84,2,16,0.84,0.0232558139534884,0.976744186046512,NA,NA,NA,NA,NA,NA,NA
"balanced",52,"Joint_Condition_Platform_harmonized",83,81,2,19,0.81,0.0240963855421687,0.975903614457831,NA,NA,0.265060240963855,61,59,0,0
"balanced",52,"Joint_Condition_only_raw",0,0,0,100,0,NA,NA,NA,NA,NA,NA,NA,NA,NA
"balanced",52,"Joint_Condition_Platform_raw",93,87,6,13,0.87,0.0645161290322581,0.935483870967742,NA,NA,NA,NA,NA,NA,NA
"balanced",53,"Separate_intersect",25,25,0,75,0.25,0,1,39,43,1,NA,NA,NA,NA
"balanced",53,"Separate_union",57,56,1,44,0.56,0.0175438596491228,0.982456140350877,NA,NA,NA,NA,NA,NA,NA
"balanced",53,"Joint_Condition_only_harmonized",95,92,3,8,0.92,0.0315789473684211,0.968421052631579,NA,NA,NA,NA,NA,NA,NA
"balanced",53,"Joint_Condition_Platform_harmonized",94,92,2,8,0.92,0.0212765957446809,0.978723404255319,NA,NA,0.265957446808511,69,67,0,0
"balanced",53,"Joint_Condition_only_raw",1,1,0,99,0.01,0,1,NA,NA,NA,NA,NA,NA,NA
"balanced",53,"Joint_Condition_Platform_raw",102,96,6,4,0.96,0.0588235294117647,0.941176470588235,NA,NA,NA,NA,NA,NA,NA
"balanced",54,"Separate_intersect",28,28,0,72,0.28,0,1,40,44,1,NA,NA,NA,NA
"balanced",54,"Separate_union",56,53,3,47,0.53,0.0535714285714286,0.946428571428571,NA,NA,NA,NA,NA,NA,NA
"balanced",54,"Joint_Condition_only_harmonized",88,86,2,14,0.86,0.0227272727272727,0.977272727272727,NA,NA,NA,NA,NA,NA,NA
"balanced",54,"Joint_Condition_Platform_harmonized",87,85,2,15,0.85,0.0229885057471264,0.977011494252874,NA,NA,0.32183908045977,59,57,0,0
"balanced",54,"Joint_Condition_only_raw",6,6,0,94,0.06,0,1,NA,NA,NA,NA,NA,NA,NA
"balanced",54,"Joint_Condition_Platform_raw",96,90,6,10,0.9,0.0625,0.9375,NA,NA,NA,NA,NA,NA,NA
"balanced",55,"Separate_intersect",19,19,0,81,0.19,0,1,38,40,1,NA,NA,NA,NA
"balanced",55,"Separate_union",59,58,1,42,0.58,0.0169491525423729,0.983050847457627,NA,NA,NA,NA,NA,NA,NA
"balanced",55,"Joint_Condition_only_harmonized",92,90,2,10,0.9,0.0217391304347826,0.978260869565217,NA,NA,NA,NA,NA,NA,NA
"balanced",55,"Joint_Condition_Platform_harmonized",92,90,2,10,0.9,0.0217391304347826,0.978260869565217,NA,NA,0.206521739130435,73,71,0,0
"balanced",55,"Joint_Condition_only_raw",11,11,0,89,0.11,0,1,NA,NA,NA,NA,NA,NA,NA
"balanced",55,"Joint_Condition_Platform_raw",91,88,3,12,0.88,0.032967032967033,0.967032967032967,NA,NA,NA,NA,NA,NA,NA
"balanced",56,"Separate_intersect",28,28,0,72,0.28,0,1,46,45,1,NA,NA,NA,NA
"balanced",56,"Separate_union",63,61,2,39,0.61,0.0317460317460317,0.968253968253968,NA,NA,NA,NA,NA,NA,NA
"balanced",56,"Joint_Condition_only_harmonized",92,87,5,13,0.87,0.0543478260869565,0.945652173913043,NA,NA,NA,NA,NA,NA,NA
"balanced",56,"Joint_Condition_Platform_harmonized",92,87,5,13,0.87,0.0543478260869565,0.945652173913043,NA,NA,0.304347826086957,64,59,0,0
"balanced",56,"Joint_Condition_only_raw",3,3,0,97,0.03,0,1,NA,NA,NA,NA,NA,NA,NA
"balanced",56,"Joint_Condition_Platform_raw",95,89,6,11,0.89,0.0631578947368421,0.936842105263158,NA,NA,NA,NA,NA,NA,NA
"balanced",57,"Separate_intersect",22,22,0,78,0.22,0,1,37,38,1,NA,NA,NA,NA
"balanced",57,"Separate_union",53,53,0,47,0.53,0,1,NA,NA,NA,NA,NA,NA,NA
"balanced",57,"Joint_Condition_only_harmonized",97,92,5,8,0.92,0.0515463917525773,0.948453608247423,NA,NA,NA,NA,NA,NA,NA
"balanced",57,"Joint_Condition_Platform_harmonized",97,92,5,8,0.92,0.0515463917525773,0.948453608247423,NA,NA,0.22680412371134,75,70,0,0
"balanced",57,"Joint_Condition_only_raw",0,0,0,100,0,NA,NA,NA,NA,NA,NA,NA,NA,NA
"balanced",57,"Joint_Condition_Platform_raw",98,93,5,7,0.93,0.0510204081632653,0.948979591836735,NA,NA,NA,NA,NA,NA,NA
"balanced",58,"Separate_intersect",29,29,0,71,0.29,0,1,43,54,1,NA,NA,NA,NA
"balanced",58,"Separate_union",68,68,0,32,0.68,0,1,NA,NA,NA,NA,NA,NA,NA
"balanced",58,"Joint_Condition_only_harmonized",95,89,6,11,0.89,0.0631578947368421,0.936842105263158,NA,NA,NA,NA,NA,NA,NA
"balanced",58,"Joint_Condition_Platform_harmonized",95,89,6,11,0.89,0.0631578947368421,0.936842105263158,NA,NA,0.305263157894737,66,60,0,0
"balanced",58,"Joint_Condition_only_raw",7,7,0,93,0.07,0,1,NA,NA,NA,NA,NA,NA,NA
"balanced",58,"Joint_Condition_Platform_raw",101,94,7,6,0.94,0.0693069306930693,0.930693069306931,NA,NA,NA,NA,NA,NA,NA
"balanced",59,"Separate_intersect",29,29,0,71,0.29,0,1,43,38,1,NA,NA,NA,NA
"balanced",59,"Separate_union",52,52,0,48,0.52,0,1,NA,NA,NA,NA,NA,NA,NA
"balanced",59,"Joint_Condition_only_harmonized",89,84,5,16,0.84,0.0561797752808989,0.943820224719101,NA,NA,NA,NA,NA,NA,NA
"balanced",59,"Joint_Condition_Platform_harmonized",87,82,5,18,0.82,0.0574712643678161,0.942528735632184,NA,NA,0.333333333333333,58,53,0,0
"balanced",59,"Joint_Condition_only_raw",1,1,0,99,0.01,0,1,NA,NA,NA,NA,NA,NA,NA
"balanced",59,"Joint_Condition_Platform_raw",97,92,5,8,0.92,0.0515463917525773,0.948453608247423,NA,NA,NA,NA,NA,NA,NA
"balanced",60,"Separate_intersect",26,26,0,74,0.26,0,1,41,44,1,NA,NA,NA,NA
"balanced",60,"Separate_union",59,58,1,42,0.58,0.0169491525423729,0.983050847457627,NA,NA,NA,NA,NA,NA,NA
"balanced",60,"Joint_Condition_only_harmonized",88,87,1,13,0.87,0.0113636363636364,0.988636363636364,NA,NA,NA,NA,NA,NA,NA
"balanced",60,"Joint_Condition_Platform_harmonized",88,87,1,13,0.87,0.0113636363636364,0.988636363636364,NA,NA,0.295454545454545,62,61,0,0
"balanced",60,"Joint_Condition_only_raw",2,2,0,98,0.02,0,1,NA,NA,NA,NA,NA,NA,NA
"balanced",60,"Joint_Condition_Platform_raw",93,91,2,9,0.91,0.021505376344086,0.978494623655914,NA,NA,NA,NA,NA,NA,NA
"balanced",61,"Separate_intersect",26,26,0,74,0.26,0,1,46,40,1,NA,NA,NA,NA
"balanced",61,"Separate_union",60,59,1,41,0.59,0.0166666666666667,0.983333333333333,NA,NA,NA,NA,NA,NA,NA
"balanced",61,"Joint_Condition_only_harmonized",82,79,3,21,0.79,0.0365853658536585,0.963414634146341,NA,NA,NA,NA,NA,NA,NA
"balanced",61,"Joint_Condition_Platform_harmonized",82,79,3,21,0.79,0.0365853658536585,0.963414634146341,NA,NA,0.317073170731707,56,53,0,0
"balanced",61,"Joint_Condition_only_raw",4,4,0,96,0.04,0,1,NA,NA,NA,NA,NA,NA,NA
"balanced",61,"Joint_Condition_Platform_raw",91,89,2,11,0.89,0.021978021978022,0.978021978021978,NA,NA,NA,NA,NA,NA,NA
"balanced",62,"Separate_intersect",24,24,0,76,0.24,0,1,44,41,1,NA,NA,NA,NA
"balanced",62,"Separate_union",61,60,1,40,0.6,0.0163934426229508,0.983606557377049,NA,NA,NA,NA,NA,NA,NA
"balanced",62,"Joint_Condition_only_harmonized",94,90,4,10,0.9,0.0425531914893617,0.957446808510638,NA,NA,NA,NA,NA,NA,NA
"balanced",62,"Joint_Condition_Platform_harmonized",94,90,4,10,0.9,0.0425531914893617,0.957446808510638,NA,NA,0.25531914893617,70,66,0,0
"balanced",62,"Joint_Condition_only_raw",0,0,0,100,0,NA,NA,NA,NA,NA,NA,NA,NA,NA
"balanced",62,"Joint_Condition_Platform_raw",94,91,3,9,0.91,0.0319148936170213,0.968085106382979,NA,NA,NA,NA,NA,NA,NA
"balanced",63,"Separate_intersect",19,19,0,81,0.19,0,1,42,39,1,NA,NA,NA,NA
"balanced",63,"Separate_union",62,60,2,40,0.6,0.032258064516129,0.967741935483871,NA,NA,NA,NA,NA,NA,NA
"balanced",63,"Joint_Condition_only_harmonized",86,85,1,15,0.85,0.0116279069767442,0.988372093023256,NA,NA,NA,NA,NA,NA,NA
"balanced",63,"Joint_Condition_Platform_harmonized",86,85,1,15,0.85,0.0116279069767442,0.988372093023256,NA,NA,0.22093023255814,67,66,0,0
"balanced",63,"Joint_Condition_only_raw",4,4,0,96,0.04,0,1,NA,NA,NA,NA,NA,NA,NA
"balanced",63,"Joint_Condition_Platform_raw",91,89,2,11,0.89,0.021978021978022,0.978021978021978,NA,NA,NA,NA,NA,NA,NA
"balanced",64,"Separate_intersect",26,26,0,74,0.26,0,1,50,34,1,NA,NA,NA,NA
"balanced",64,"Separate_union",58,55,3,45,0.55,0.0517241379310345,0.948275862068966,NA,NA,NA,NA,NA,NA,NA
"balanced",64,"Joint_Condition_only_harmonized",96,89,7,11,0.89,0.0729166666666667,0.927083333333333,NA,NA,NA,NA,NA,NA,NA
"balanced",64,"Joint_Condition_Platform_harmonized",95,88,7,12,0.88,0.0736842105263158,0.926315789473684,NA,NA,0.273684210526316,69,62,0,0
"balanced",64,"Joint_Condition_only_raw",2,2,0,98,0.02,0,1,NA,NA,NA,NA,NA,NA,NA
"balanced",64,"Joint_Condition_Platform_raw",97,90,7,10,0.9,0.0721649484536082,0.927835051546392,NA,NA,NA,NA,NA,NA,NA
"balanced",65,"Separate_intersect",26,26,0,74,0.26,0,1,42,47,1,NA,NA,NA,NA
"balanced",65,"Separate_union",63,63,0,37,0.63,0,1,NA,NA,NA,NA,NA,NA,NA
"balanced",65,"Joint_Condition_only_harmonized",94,91,3,9,0.91,0.0319148936170213,0.968085106382979,NA,NA,NA,NA,NA,NA,NA
"balanced",65,"Joint_Condition_Platform_harmonized",94,91,3,9,0.91,0.0319148936170213,0.968085106382979,NA,NA,0.276595744680851,68,65,0,0
"balanced",65,"Joint_Condition_only_raw",2,2,0,98,0.02,0,1,NA,NA,NA,NA,NA,NA,NA
"balanced",65,"Joint_Condition_Platform_raw",101,95,6,5,0.95,0.0594059405940594,0.940594059405941,NA,NA,NA,NA,NA,NA,NA
"balanced",66,"Separate_intersect",30,30,0,70,0.3,0,1,42,48,1,NA,NA,NA,NA
"balanced",66,"Separate_union",60,59,1,41,0.59,0.0166666666666667,0.983333333333333,NA,NA,NA,NA,NA,NA,NA
"balanced",66,"Joint_Condition_only_harmonized",93,89,4,11,0.89,0.043010752688172,0.956989247311828,NA,NA,NA,NA,NA,NA,NA
"balanced",66,"Joint_Condition_Platform_harmonized",93,89,4,11,0.89,0.043010752688172,0.956989247311828,NA,NA,0.32258064516129,63,59,0,0
"balanced",66,"Joint_Condition_only_raw",1,1,0,99,0.01,0,1,NA,NA,NA,NA,NA,NA,NA
"balanced",66,"Joint_Condition_Platform_raw",96,93,3,7,0.93,0.03125,0.96875,NA,NA,NA,NA,NA,NA,NA
"balanced",67,"Separate_intersect",27,27,0,73,0.27,0,1,44,41,1,NA,NA,NA,NA
"balanced",67,"Separate_union",58,53,5,47,0.53,0.0862068965517241,0.913793103448276,NA,NA,NA,NA,NA,NA,NA
"balanced",67,"Joint_Condition_only_harmonized",89,86,3,14,0.86,0.0337078651685393,0.966292134831461,NA,NA,NA,NA,NA,NA,NA
"balanced",67,"Joint_Condition_Platform_harmonized",87,84,3,16,0.84,0.0344827586206897,0.96551724137931,NA,NA,0.310344827586207,60,57,0,0
"balanced",67,"Joint_Condition_only_raw",10,10,0,90,0.1,0,1,NA,NA,NA,NA,NA,NA,NA
"balanced",67,"Joint_Condition_Platform_raw",97,89,8,11,0.89,0.0824742268041237,0.917525773195876,NA,NA,NA,NA,NA,NA,NA
"balanced",68,"Separate_intersect",31,31,0,69,0.31,0,1,53,41,1,NA,NA,NA,NA
"balanced",68,"Separate_union",63,61,2,39,0.61,0.0317460317460317,0.968253968253968,NA,NA,NA,NA,NA,NA,NA
"balanced",68,"Joint_Condition_only_harmonized",93,89,4,11,0.89,0.043010752688172,0.956989247311828,NA,NA,NA,NA,NA,NA,NA
"balanced",68,"Joint_Condition_Platform_harmonized",91,88,3,12,0.88,0.032967032967033,0.967032967032967,NA,NA,0.340659340659341,60,57,0,0
"balanced",68,"Joint_Condition_only_raw",0,0,0,100,0,NA,NA,NA,NA,NA,NA,NA,NA,NA
"balanced",68,"Joint_Condition_Platform_raw",96,92,4,8,0.92,0.0416666666666667,0.958333333333333,NA,NA,NA,NA,NA,NA,NA
"balanced",69,"Separate_intersect",27,27,0,73,0.27,0,1,41,44,1,NA,NA,NA,NA
"balanced",69,"Separate_union",58,56,2,44,0.56,0.0344827586206897,0.96551724137931,NA,NA,NA,NA,NA,NA,NA
"balanced",69,"Joint_Condition_only_harmonized",80,79,1,21,0.79,0.0125,0.9875,NA,NA,NA,NA,NA,NA,NA
"balanced",69,"Joint_Condition_Platform_harmonized",79,78,1,22,0.78,0.0126582278481013,0.987341772151899,NA,NA,0.341772151898734,52,51,0,0
"balanced",69,"Joint_Condition_only_raw",1,1,0,99,0.01,0,1,NA,NA,NA,NA,NA,NA,NA
"balanced",69,"Joint_Condition_Platform_raw",88,87,1,13,0.87,0.0113636363636364,0.988636363636364,NA,NA,NA,NA,NA,NA,NA
"balanced",70,"Separate_intersect",17,17,0,83,0.17,0,1,31,35,1,NA,NA,NA,NA
"balanced",70,"Separate_union",49,48,1,52,0.48,0.0204081632653061,0.979591836734694,NA,NA,NA,NA,NA,NA,NA
"balanced",70,"Joint_Condition_only_harmonized",92,84,8,16,0.84,0.0869565217391304,0.91304347826087,NA,NA,NA,NA,NA,NA,NA
"balanced",70,"Joint_Condition_Platform_harmonized",90,83,7,17,0.83,0.0777777777777778,0.922222222222222,NA,NA,0.188888888888889,73,66,0,0
"balanced",70,"Joint_Condition_only_raw",4,4,0,96,0.04,0,1,NA,NA,NA,NA,NA,NA,NA
"balanced",70,"Joint_Condition_Platform_raw",92,84,8,16,0.84,0.0869565217391304,0.91304347826087,NA,NA,NA,NA,NA,NA,NA
"balanced",71,"Separate_intersect",24,24,0,76,0.24,0,1,31,43,1,NA,NA,NA,NA
"balanced",71,"Separate_union",50,50,0,50,0.5,0,1,NA,NA,NA,NA,NA,NA,NA
"balanced",71,"Joint_Condition_only_harmonized",88,86,2,14,0.86,0.0227272727272727,0.977272727272727,NA,NA,NA,NA,NA,NA,NA
"balanced",71,"Joint_Condition_Platform_harmonized",87,85,2,15,0.85,0.0229885057471264,0.977011494252874,NA,NA,0.275862068965517,63,61,0,0
"balanced",71,"Joint_Condition_only_raw",10,10,0,90,0.1,0,1,NA,NA,NA,NA,NA,NA,NA
"balanced",71,"Joint_Condition_Platform_raw",93,89,4,11,0.89,0.043010752688172,0.956989247311828,NA,NA,NA,NA,NA,NA,NA
"balanced",72,"Separate_intersect",24,24,0,76,0.24,0,1,35,36,1,NA,NA,NA,NA
"balanced",72,"Separate_union",47,47,0,53,0.47,0,1,NA,NA,NA,NA,NA,NA,NA
"balanced",72,"Joint_Condition_only_harmonized",97,90,7,10,0.9,0.0721649484536082,0.927835051546392,NA,NA,NA,NA,NA,NA,NA
"balanced",72,"Joint_Condition_Platform_harmonized",96,89,7,11,0.89,0.0729166666666667,0.927083333333333,NA,NA,0.25,72,65,0,0
"balanced",72,"Joint_Condition_only_raw",0,0,0,100,0,NA,NA,NA,NA,NA,NA,NA,NA,NA
"balanced",72,"Joint_Condition_Platform_raw",93,88,5,12,0.88,0.0537634408602151,0.946236559139785,NA,NA,NA,NA,NA,NA,NA
"balanced",73,"Separate_intersect",24,24,0,76,0.24,0,1,35,46,1,NA,NA,NA,NA
"balanced",73,"Separate_union",57,55,2,45,0.55,0.0350877192982456,0.964912280701754,NA,NA,NA,NA,NA,NA,NA
"balanced",73,"Joint_Condition_only_harmonized",96,94,2,6,0.94,0.0208333333333333,0.979166666666667,NA,NA,NA,NA,NA,NA,NA
"balanced",73,"Joint_Condition_Platform_harmonized",96,94,2,6,0.94,0.0208333333333333,0.979166666666667,NA,NA,0.25,72,70,0,0
"balanced",73,"Joint_Condition_only_raw",13,13,0,87,0.13,0,1,NA,NA,NA,NA,NA,NA,NA
"balanced",73,"Joint_Condition_Platform_raw",106,96,10,4,0.96,0.0943396226415094,0.905660377358491,NA,NA,NA,NA,NA,NA,NA
"balanced",74,"Separate_intersect",18,18,0,82,0.18,0,1,37,33,1,NA,NA,NA,NA
"balanced",74,"Separate_union",52,51,1,49,0.51,0.0192307692307692,0.980769230769231,NA,NA,NA,NA,NA,NA,NA
"balanced",74,"Joint_Condition_only_harmonized",88,83,5,17,0.83,0.0568181818181818,0.943181818181818,NA,NA,NA,NA,NA,NA,NA
"balanced",74,"Joint_Condition_Platform_harmonized",83,79,4,21,0.79,0.0481927710843374,0.951807228915663,NA,NA,0.216867469879518,65,61,0,0
"balanced",74,"Joint_Condition_only_raw",1,1,0,99,0.01,0,1,NA,NA,NA,NA,NA,NA,NA
"balanced",74,"Joint_Condition_Platform_raw",92,87,5,13,0.87,0.0543478260869565,0.945652173913043,NA,NA,NA,NA,NA,NA,NA
"balanced",75,"Separate_intersect",32,32,0,68,0.32,0,1,49,42,1,NA,NA,NA,NA
"balanced",75,"Separate_union",59,57,2,43,0.57,0.0338983050847458,0.966101694915254,NA,NA,NA,NA,NA,NA,NA
"balanced",75,"Joint_Condition_only_harmonized",86,85,1,15,0.85,0.0116279069767442,0.988372093023256,NA,NA,NA,NA,NA,NA,NA
"balanced",75,"Joint_Condition_Platform_harmonized",86,85,1,15,0.85,0.0116279069767442,0.988372093023256,NA,NA,0.372093023255814,54,53,0,0
"balanced",75,"Joint_Condition_only_raw",0,0,0,100,0,NA,NA,NA,NA,NA,NA,NA,NA,NA
"balanced",75,"Joint_Condition_Platform_raw",92,91,1,9,0.91,0.0108695652173913,0.989130434782609,NA,NA,NA,NA,NA,NA,NA
"balanced",76,"Separate_intersect",30,30,0,70,0.3,0,1,41,51,1,NA,NA,NA,NA
"balanced",76,"Separate_union",62,62,0,38,0.62,0,1,NA,NA,NA,NA,NA,NA,NA
"balanced",76,"Joint_Condition_only_harmonized",93,90,3,10,0.9,0.032258064516129,0.967741935483871,NA,NA,NA,NA,NA,NA,NA
"balanced",76,"Joint_Condition_Platform_harmonized",92,89,3,11,0.89,0.0326086956521739,0.967391304347826,NA,NA,0.326086956521739,62,59,0,0
"balanced",76,"Joint_Condition_only_raw",5,5,0,95,0.05,0,1,NA,NA,NA,NA,NA,NA,NA
"balanced",76,"Joint_Condition_Platform_raw",96,93,3,7,0.93,0.03125,0.96875,NA,NA,NA,NA,NA,NA,NA
"balanced",77,"Separate_intersect",24,24,0,76,0.24,0,1,47,32,1,NA,NA,NA,NA
"balanced",77,"Separate_union",55,54,1,46,0.54,0.0181818181818182,0.981818181818182,NA,NA,NA,NA,NA,NA,NA
"balanced",77,"Joint_Condition_only_harmonized",92,89,3,11,0.89,0.0326086956521739,0.967391304347826,NA,NA,NA,NA,NA,NA,NA
"balanced",77,"Joint_Condition_Platform_harmonized",92,89,3,11,0.89,0.0326086956521739,0.967391304347826,NA,NA,0.260869565217391,68,65,0,0
"balanced",77,"Joint_Condition_only_raw",0,0,0,100,0,NA,NA,NA,NA,NA,NA,NA,NA,NA
"balanced",77,"Joint_Condition_Platform_raw",99,92,7,8,0.92,0.0707070707070707,0.929292929292929,NA,NA,NA,NA,NA,NA,NA
"balanced",78,"Separate_intersect",31,31,0,69,0.31,0,1,39,47,1,NA,NA,NA,NA
"balanced",78,"Separate_union",55,54,1,46,0.54,0.0181818181818182,0.981818181818182,NA,NA,NA,NA,NA,NA,NA
"balanced",78,"Joint_Condition_only_harmonized",92,89,3,11,0.89,0.0326086956521739,0.967391304347826,NA,NA,NA,NA,NA,NA,NA
"balanced",78,"Joint_Condition_Platform_harmonized",91,88,3,12,0.88,0.032967032967033,0.967032967032967,NA,NA,0.340659340659341,60,57,0,0
"balanced",78,"Joint_Condition_only_raw",12,12,0,88,0.12,0,1,NA,NA,NA,NA,NA,NA,NA
"balanced",78,"Joint_Condition_Platform_raw",96,91,5,9,0.91,0.0520833333333333,0.947916666666667,NA,NA,NA,NA,NA,NA,NA
"balanced",79,"Separate_intersect",25,25,0,75,0.25,0,1,45,36,1,NA,NA,NA,NA
"balanced",79,"Separate_union",56,54,2,46,0.54,0.0357142857142857,0.964285714285714,NA,NA,NA,NA,NA,NA,NA
"balanced",79,"Joint_Condition_only_harmonized",98,94,4,6,0.94,0.0408163265306122,0.959183673469388,NA,NA,NA,NA,NA,NA,NA
"balanced",79,"Joint_Condition_Platform_harmonized",97,94,3,6,0.94,0.0309278350515464,0.969072164948454,NA,NA,0.257731958762887,72,69,0,0
"balanced",79,"Joint_Condition_only_raw",8,8,0,92,0.08,0,1,NA,NA,NA,NA,NA,NA,NA
"balanced",79,"Joint_Condition_Platform_raw",97,94,3,6,0.94,0.0309278350515464,0.969072164948454,NA,NA,NA,NA,NA,NA,NA
"balanced",80,"Separate_intersect",27,27,0,73,0.27,0,1,42,49,1,NA,NA,NA,NA
"balanced",80,"Separate_union",64,63,1,37,0.63,0.015625,0.984375,NA,NA,NA,NA,NA,NA,NA
"balanced",80,"Joint_Condition_only_harmonized",90,89,1,11,0.89,0.0111111111111111,0.988888888888889,NA,NA,NA,NA,NA,NA,NA
"balanced",80,"Joint_Condition_Platform_harmonized",90,89,1,11,0.89,0.0111111111111111,0.988888888888889,NA,NA,0.3,63,62,0,0
"balanced",80,"Joint_Condition_only_raw",0,0,0,100,0,NA,NA,NA,NA,NA,NA,NA,NA,NA
"balanced",80,"Joint_Condition_Platform_raw",94,90,4,10,0.9,0.0425531914893617,0.957446808510638,NA,NA,NA,NA,NA,NA,NA
"balanced",81,"Separate_intersect",26,26,0,74,0.26,0,1,49,39,1,NA,NA,NA,NA
"balanced",81,"Separate_union",62,58,4,42,0.58,0.0645161290322581,0.935483870967742,NA,NA,NA,NA,NA,NA,NA
"balanced",81,"Joint_Condition_only_harmonized",90,89,1,11,0.89,0.0111111111111111,0.988888888888889,NA,NA,NA,NA,NA,NA,NA
"balanced",81,"Joint_Condition_Platform_harmonized",89,88,1,12,0.88,0.0112359550561798,0.98876404494382,NA,NA,0.292134831460674,63,62,0,0
"balanced",81,"Joint_Condition_only_raw",1,1,0,99,0.01,0,1,NA,NA,NA,NA,NA,NA,NA
"balanced",81,"Joint_Condition_Platform_raw",91,90,1,10,0.9,0.010989010989011,0.989010989010989,NA,NA,NA,NA,NA,NA,NA
"balanced",82,"Separate_intersect",25,25,0,75,0.25,0,1,46,38,1,NA,NA,NA,NA
"balanced",82,"Separate_union",59,57,2,43,0.57,0.0338983050847458,0.966101694915254,NA,NA,NA,NA,NA,NA,NA
"balanced",82,"Joint_Condition_only_harmonized",88,86,2,14,0.86,0.0227272727272727,0.977272727272727,NA,NA,NA,NA,NA,NA,NA
"balanced",82,"Joint_Condition_Platform_harmonized",87,86,1,14,0.86,0.0114942528735632,0.988505747126437,NA,NA,0.28735632183908,62,61,0,0
"balanced",82,"Joint_Condition_only_raw",3,3,0,97,0.03,0,1,NA,NA,NA,NA,NA,NA,NA
"balanced",82,"Joint_Condition_Platform_raw",98,92,6,8,0.92,0.0612244897959184,0.938775510204082,NA,NA,NA,NA,NA,NA,NA
"balanced",83,"Separate_intersect",27,27,0,73,0.27,0,1,42,50,1,NA,NA,NA,NA
"balanced",83,"Separate_union",65,65,0,35,0.65,0,1,NA,NA,NA,NA,NA,NA,NA
"balanced",83,"Joint_Condition_only_harmonized",97,90,7,10,0.9,0.0721649484536082,0.927835051546392,NA,NA,NA,NA,NA,NA,NA
"balanced",83,"Joint_Condition_Platform_harmonized",96,90,6,10,0.9,0.0625,0.9375,NA,NA,0.28125,69,63,0,0
"balanced",83,"Joint_Condition_only_raw",4,4,0,96,0.04,0,1,NA,NA,NA,NA,NA,NA,NA
"balanced",83,"Joint_Condition_Platform_raw",98,92,6,8,0.92,0.0612244897959184,0.938775510204082,NA,NA,NA,NA,NA,NA,NA
"balanced",84,"Separate_intersect",33,33,0,67,0.33,0,1,43,54,1,NA,NA,NA,NA
"balanced",84,"Separate_union",64,60,4,40,0.6,0.0625,0.9375,NA,NA,NA,NA,NA,NA,NA
"balanced",84,"Joint_Condition_only_harmonized",95,91,4,9,0.91,0.0421052631578947,0.957894736842105,NA,NA,NA,NA,NA,NA,NA
"balanced",84,"Joint_Condition_Platform_harmonized",94,91,3,9,0.91,0.0319148936170213,0.968085106382979,NA,NA,0.351063829787234,61,58,0,0
"balanced",84,"Joint_Condition_only_raw",0,0,0,100,0,NA,NA,NA,NA,NA,NA,NA,NA,NA
"balanced",84,"Joint_Condition_Platform_raw",101,94,7,6,0.94,0.0693069306930693,0.930693069306931,NA,NA,NA,NA,NA,NA,NA
"balanced",85,"Separate_intersect",27,27,0,73,0.27,0,1,45,43,1,NA,NA,NA,NA
"balanced",85,"Separate_union",61,59,2,41,0.59,0.0327868852459016,0.967213114754098,NA,NA,NA,NA,NA,NA,NA
"balanced",85,"Joint_Condition_only_harmonized",83,79,4,21,0.79,0.0481927710843374,0.951807228915663,NA,NA,NA,NA,NA,NA,NA
"balanced",85,"Joint_Condition_Platform_harmonized",83,79,4,21,0.79,0.0481927710843374,0.951807228915663,NA,NA,0.325301204819277,56,52,0,0
"balanced",85,"Joint_Condition_only_raw",8,8,0,92,0.08,0,1,NA,NA,NA,NA,NA,NA,NA
"balanced",85,"Joint_Condition_Platform_raw",93,90,3,10,0.9,0.032258064516129,0.967741935483871,NA,NA,NA,NA,NA,NA,NA
"balanced",86,"Separate_intersect",17,17,0,83,0.17,0,1,40,30,1,NA,NA,NA,NA
"balanced",86,"Separate_union",53,53,0,47,0.53,0,1,NA,NA,NA,NA,NA,NA,NA
"balanced",86,"Joint_Condition_only_harmonized",95,88,7,12,0.88,0.0736842105263158,0.926315789473684,NA,NA,NA,NA,NA,NA,NA
"balanced",86,"Joint_Condition_Platform_harmonized",95,88,7,12,0.88,0.0736842105263158,0.926315789473684,NA,NA,0.178947368421053,78,71,0,0
"balanced",86,"Joint_Condition_only_raw",3,3,0,97,0.03,0,1,NA,NA,NA,NA,NA,NA,NA
"balanced",86,"Joint_Condition_Platform_raw",96,90,6,10,0.9,0.0625,0.9375,NA,NA,NA,NA,NA,NA,NA
"balanced",87,"Separate_intersect",31,31,0,69,0.31,0,1,43,50,1,NA,NA,NA,NA
"balanced",87,"Separate_union",62,59,3,41,0.59,0.0483870967741935,0.951612903225806,NA,NA,NA,NA,NA,NA,NA
"balanced",87,"Joint_Condition_only_harmonized",88,87,1,13,0.87,0.0113636363636364,0.988636363636364,NA,NA,NA,NA,NA,NA,NA
"balanced",87,"Joint_Condition_Platform_harmonized",85,84,1,16,0.84,0.0117647058823529,0.988235294117647,NA,NA,0.364705882352941,54,53,0,0
"balanced",87,"Joint_Condition_only_raw",6,6,0,94,0.06,0,1,NA,NA,NA,NA,NA,NA,NA
"balanced",87,"Joint_Condition_Platform_raw",98,93,5,7,0.93,0.0510204081632653,0.948979591836735,NA,NA,NA,NA,NA,NA,NA
"balanced",88,"Separate_intersect",31,31,0,69,0.31,0,1,44,40,1,NA,NA,NA,NA
"balanced",88,"Separate_union",53,52,1,48,0.52,0.0188679245283019,0.981132075471698,NA,NA,NA,NA,NA,NA,NA
"balanced",88,"Joint_Condition_only_harmonized",95,90,5,10,0.9,0.0526315789473684,0.947368421052632,NA,NA,NA,NA,NA,NA,NA
"balanced",88,"Joint_Condition_Platform_harmonized",94,90,4,10,0.9,0.0425531914893617,0.957446808510638,NA,NA,0.329787234042553,63,59,0,0
"balanced",88,"Joint_Condition_only_raw",9,9,0,91,0.09,0,1,NA,NA,NA,NA,NA,NA,NA
"balanced",88,"Joint_Condition_Platform_raw",96,91,5,9,0.91,0.0520833333333333,0.947916666666667,NA,NA,NA,NA,NA,NA,NA
"balanced",89,"Separate_intersect",23,23,0,77,0.23,0,1,39,39,1,NA,NA,NA,NA
"balanced",89,"Separate_union",55,54,1,46,0.54,0.0181818181818182,0.981818181818182,NA,NA,NA,NA,NA,NA,NA
"balanced",89,"Joint_Condition_only_harmonized",99,90,9,10,0.9,0.0909090909090909,0.909090909090909,NA,NA,NA,NA,NA,NA,NA
"balanced",89,"Joint_Condition_Platform_harmonized",95,88,7,12,0.88,0.0736842105263158,0.926315789473684,NA,NA,0.242105263157895,72,65,0,0
"balanced",89,"Joint_Condition_only_raw",3,3,0,97,0.03,0,1,NA,NA,NA,NA,NA,NA,NA
"balanced",89,"Joint_Condition_Platform_raw",99,93,6,7,0.93,0.0606060606060606,0.939393939393939,NA,NA,NA,NA,NA,NA,NA
"balanced",90,"Separate_intersect",23,23,0,77,0.23,0,1,37,44,1,NA,NA,NA,NA
"balanced",90,"Separate_union",58,56,2,44,0.56,0.0344827586206897,0.96551724137931,NA,NA,NA,NA,NA,NA,NA
"balanced",90,"Joint_Condition_only_harmonized",95,89,6,11,0.89,0.0631578947368421,0.936842105263158,NA,NA,NA,NA,NA,NA,NA
"balanced",90,"Joint_Condition_Platform_harmonized",93,89,4,11,0.89,0.043010752688172,0.956989247311828,NA,NA,0.247311827956989,70,66,0,0
"balanced",90,"Joint_Condition_only_raw",0,0,0,100,0,NA,NA,NA,NA,NA,NA,NA,NA,NA
"balanced",90,"Joint_Condition_Platform_raw",100,92,8,8,0.92,0.08,0.92,NA,NA,NA,NA,NA,NA,NA
"balanced",91,"Separate_intersect",32,32,0,68,0.32,0,1,49,46,1,NA,NA,NA,NA
"balanced",91,"Separate_union",63,62,1,38,0.62,0.0158730158730159,0.984126984126984,NA,NA,NA,NA,NA,NA,NA
"balanced",91,"Joint_Condition_only_harmonized",93,89,4,11,0.89,0.043010752688172,0.956989247311828,NA,NA,NA,NA,NA,NA,NA
"balanced",91,"Joint_Condition_Platform_harmonized",90,86,4,14,0.86,0.0444444444444444,0.955555555555556,NA,NA,0.355555555555556,58,54,0,0
"balanced",91,"Joint_Condition_only_raw",9,9,0,91,0.09,0,1,NA,NA,NA,NA,NA,NA,NA
"balanced",91,"Joint_Condition_Platform_raw",94,91,3,9,0.91,0.0319148936170213,0.968085106382979,NA,NA,NA,NA,NA,NA,NA
"balanced",92,"Separate_intersect",29,29,0,71,0.29,0,1,45,50,1,NA,NA,NA,NA
"balanced",92,"Separate_union",66,63,3,37,0.63,0.0454545454545455,0.954545454545455,NA,NA,NA,NA,NA,NA,NA
"balanced",92,"Joint_Condition_only_harmonized",86,81,5,19,0.81,0.0581395348837209,0.941860465116279,NA,NA,NA,NA,NA,NA,NA
"balanced",92,"Joint_Condition_Platform_harmonized",86,81,5,19,0.81,0.0581395348837209,0.941860465116279,NA,NA,0.337209302325581,57,52,0,0
"balanced",92,"Joint_Condition_only_raw",6,6,0,94,0.06,0,1,NA,NA,NA,NA,NA,NA,NA
"balanced",92,"Joint_Condition_Platform_raw",92,86,6,14,0.86,0.0652173913043478,0.934782608695652,NA,NA,NA,NA,NA,NA,NA
"confounded",10043,"Separate_intersect",4,4,0,96,0.04,0,1,19,13,1,NA,NA,NA,NA
"confounded",10043,"Separate_union",28,28,0,72,0.28,0,1,NA,NA,NA,NA,NA,NA,NA
"confounded",10043,"Joint_Condition_only_harmonized",34,34,0,66,0.34,0,1,NA,NA,NA,NA,NA,NA,NA
"confounded",10043,"Joint_Condition_Platform_harmonized",71,69,2,31,0.69,0.028169014084507,0.971830985915493,NA,NA,0.0563380281690141,67,65,0,0
"confounded",10043,"Joint_Condition_only_raw",1970,70,1900,30,0.7,0.964467005076142,0.0355329949238579,NA,NA,NA,NA,NA,NA,NA
"confounded",10043,"Joint_Condition_Platform_raw",78,73,5,27,0.73,0.0641025641025641,0.935897435897436,NA,NA,NA,NA,NA,NA,NA
"confounded",10044,"Separate_intersect",4,4,0,96,0.04,0,1,14,19,1,NA,NA,NA,NA
"confounded",10044,"Separate_union",29,28,1,72,0.28,0.0344827586206897,0.96551724137931,NA,NA,NA,NA,NA,NA,NA
"confounded",10044,"Joint_Condition_only_harmonized",36,36,0,64,0.36,0,1,NA,NA,NA,NA,NA,NA,NA
"confounded",10044,"Joint_Condition_Platform_harmonized",73,69,4,31,0.69,0.0547945205479452,0.945205479452055,NA,NA,0.0547945205479452,69,65,0,0
"confounded",10044,"Joint_Condition_only_raw",1980,80,1900,20,0.8,0.95959595959596,0.0404040404040404,NA,NA,NA,NA,NA,NA,NA
"confounded",10044,"Joint_Condition_Platform_raw",77,73,4,27,0.73,0.051948051948052,0.948051948051948,NA,NA,NA,NA,NA,NA,NA
"confounded",10045,"Separate_intersect",1,1,0,99,0.01,0,1,14,5,1,NA,NA,NA,NA
"confounded",10045,"Separate_union",18,18,0,82,0.18,0,1,NA,NA,NA,NA,NA,NA,NA
"confounded",10045,"Joint_Condition_only_harmonized",34,34,0,66,0.34,0,1,NA,NA,NA,NA,NA,NA,NA
"confounded",10045,"Joint_Condition_Platform_harmonized",67,63,4,37,0.63,0.0597014925373134,0.940298507462687,NA,NA,0.0149253731343284,66,62,0,0
"confounded",10045,"Joint_Condition_only_raw",1973,73,1900,27,0.73,0.963000506842372,0.036999493157628,NA,NA,NA,NA,NA,NA,NA
"confounded",10045,"Joint_Condition_Platform_raw",78,73,5,27,0.73,0.0641025641025641,0.935897435897436,NA,NA,NA,NA,NA,NA,NA
"confounded",10046,"Separate_intersect",4,4,0,96,0.04,0,1,9,12,1,NA,NA,NA,NA
"confounded",10046,"Separate_union",17,16,1,84,0.16,0.0588235294117647,0.941176470588235,NA,NA,NA,NA,NA,NA,NA
"confounded",10046,"Joint_Condition_only_harmonized",31,31,0,69,0.31,0,1,NA,NA,NA,NA,NA,NA,NA
"confounded",10046,"Joint_Condition_Platform_harmonized",65,61,4,39,0.61,0.0615384615384615,0.938461538461538,NA,NA,0.0615384615384615,61,57,0,0
"confounded",10046,"Joint_Condition_only_raw",1979,79,1900,21,0.79,0.960080848913593,0.0399191510864073,NA,NA,NA,NA,NA,NA,NA
"confounded",10046,"Joint_Condition_Platform_raw",71,69,2,31,0.69,0.028169014084507,0.971830985915493,NA,NA,NA,NA,NA,NA,NA
"confounded",10047,"Separate_intersect",7,7,0,93,0.07,0,1,17,20,1,NA,NA,NA,NA
"confounded",10047,"Separate_union",30,29,1,71,0.29,0.0333333333333333,0.966666666666667,NA,NA,NA,NA,NA,NA,NA
"confounded",10047,"Joint_Condition_only_harmonized",33,33,0,67,0.33,0,1,NA,NA,NA,NA,NA,NA,NA
"confounded",10047,"Joint_Condition_Platform_harmonized",87,81,6,19,0.81,0.0689655172413793,0.931034482758621,NA,NA,0.0804597701149425,80,74,0,0
"confounded",10047,"Joint_Condition_only_raw",1969,69,1900,31,0.69,0.964956830878619,0.0350431691213814,NA,NA,NA,NA,NA,NA,NA
"confounded",10047,"Joint_Condition_Platform_raw",95,86,9,14,0.86,0.0947368421052632,0.905263157894737,NA,NA,NA,NA,NA,NA,NA
"confounded",10048,"Separate_intersect",3,3,0,97,0.03,0,1,9,20,1,NA,NA,NA,NA
"confounded",10048,"Separate_union",26,26,0,74,0.26,0,1,NA,NA,NA,NA,NA,NA,NA
"confounded",10048,"Joint_Condition_only_harmonized",40,40,0,60,0.4,0,1,NA,NA,NA,NA,NA,NA,NA
"confounded",10048,"Joint_Condition_Platform_harmonized",64,64,0,36,0.64,0,1,NA,NA,0.046875,61,61,0,0
"confounded",10048,"Joint_Condition_only_raw",1973,73,1900,27,0.73,0.963000506842372,0.036999493157628,NA,NA,NA,NA,NA,NA,NA
"confounded",10048,"Joint_Condition_Platform_raw",73,72,1,28,0.72,0.0136986301369863,0.986301369863014,NA,NA,NA,NA,NA,NA,NA
"confounded",10049,"Separate_intersect",5,5,0,95,0.05,0,1,11,13,1,NA,NA,NA,NA
"confounded",10049,"Separate_union",19,19,0,81,0.19,0,1,NA,NA,NA,NA,NA,NA,NA
"confounded",10049,"Joint_Condition_only_harmonized",24,24,0,76,0.24,0,1,NA,NA,NA,NA,NA,NA,NA
"confounded",10049,"Joint_Condition_Platform_harmonized",73,70,3,30,0.7,0.0410958904109589,0.958904109589041,NA,NA,0.0684931506849315,68,65,0,0
"confounded",10049,"Joint_Condition_only_raw",1979,79,1900,21,0.79,0.960080848913593,0.0399191510864073,NA,NA,NA,NA,NA,NA,NA
"confounded",10049,"Joint_Condition_Platform_raw",78,76,2,24,0.76,0.0256410256410256,0.974358974358974,NA,NA,NA,NA,NA,NA,NA
"confounded",10050,"Separate_intersect",8,8,0,92,0.08,0,1,19,20,1,NA,NA,NA,NA
"confounded",10050,"Separate_union",31,28,3,72,0.28,0.0967741935483871,0.903225806451613,NA,NA,NA,NA,NA,NA,NA
"confounded",10050,"Joint_Condition_only_harmonized",42,42,0,58,0.42,0,1,NA,NA,NA,NA,NA,NA,NA
"confounded",10050,"Joint_Condition_Platform_harmonized",75,74,1,26,0.74,0.0133333333333333,0.986666666666667,NA,NA,0.106666666666667,67,66,0,0
"confounded",10050,"Joint_Condition_only_raw",1975,75,1900,25,0.75,0.962025316455696,0.0379746835443038,NA,NA,NA,NA,NA,NA,NA
"confounded",10050,"Joint_Condition_Platform_raw",81,78,3,22,0.78,0.037037037037037,0.962962962962963,NA,NA,NA,NA,NA,NA,NA
"confounded",10051,"Separate_intersect",0,0,0,100,0,NA,NA,9,0,1,NA,NA,NA,NA
"confounded",10051,"Separate_union",9,9,0,91,0.09,0,1,NA,NA,NA,NA,NA,NA,NA
"confounded",10051,"Joint_Condition_only_harmonized",28,28,0,72,0.28,0,1,NA,NA,NA,NA,NA,NA,NA
"confounded",10051,"Joint_Condition_Platform_harmonized",71,70,1,30,0.7,0.0140845070422535,0.985915492957746,NA,NA,0,71,70,0,0
"confounded",10051,"Joint_Condition_only_raw",1975,75,1900,25,0.75,0.962025316455696,0.0379746835443038,NA,NA,NA,NA,NA,NA,NA
"confounded",10051,"Joint_Condition_Platform_raw",78,76,2,24,0.76,0.0256410256410256,0.974358974358974,NA,NA,NA,NA,NA,NA,NA
"confounded",10052,"Separate_intersect",0,0,0,100,0,NA,NA,1,0,1,NA,NA,NA,NA
"confounded",10052,"Separate_union",1,1,0,99,0.01,0,1,NA,NA,NA,NA,NA,NA,NA
"confounded",10052,"Joint_Condition_only_harmonized",22,22,0,78,0.22,0,1,NA,NA,NA,NA,NA,NA,NA
"confounded",10052,"Joint_Condition_Platform_harmonized",67,65,2,35,0.65,0.0298507462686567,0.970149253731343,NA,NA,0,67,65,0,0
"confounded",10052,"Joint_Condition_only_raw",1973,73,1900,27,0.73,0.963000506842372,0.036999493157628,NA,NA,NA,NA,NA,NA,NA
"confounded",10052,"Joint_Condition_Platform_raw",77,73,4,27,0.73,0.051948051948052,0.948051948051948,NA,NA,NA,NA,NA,NA,NA
"confounded",10053,"Separate_intersect",1,1,0,99,0.01,0,1,7,12,1,NA,NA,NA,NA
"confounded",10053,"Separate_union",18,17,1,83,0.17,0.0555555555555556,0.944444444444444,NA,NA,NA,NA,NA,NA,NA
"confounded",10053,"Joint_Condition_only_harmonized",20,20,0,80,0.2,0,1,NA,NA,NA,NA,NA,NA,NA
"confounded",10053,"Joint_Condition_Platform_harmonized",66,63,3,37,0.63,0.0454545454545455,0.954545454545455,NA,NA,0.0151515151515152,65,62,0,0
"confounded",10053,"Joint_Condition_only_raw",1976,76,1900,24,0.76,0.961538461538462,0.0384615384615385,NA,NA,NA,NA,NA,NA,NA
"confounded",10053,"Joint_Condition_Platform_raw",72,68,4,32,0.68,0.0555555555555556,0.944444444444444,NA,NA,NA,NA,NA,NA,NA
"confounded",10054,"Separate_intersect",5,5,0,95,0.05,0,1,15,13,1,NA,NA,NA,NA
"confounded",10054,"Separate_union",23,23,0,77,0.23,0,1,NA,NA,NA,NA,NA,NA,NA
"confounded",10054,"Joint_Condition_only_harmonized",36,36,0,64,0.36,0,1,NA,NA,NA,NA,NA,NA,NA
"confounded",10054,"Joint_Condition_Platform_harmonized",79,76,3,24,0.76,0.0379746835443038,0.962025316455696,NA,NA,0.0632911392405063,74,71,0,0
"confounded",10054,"Joint_Condition_only_raw",1973,73,1900,27,0.73,0.963000506842372,0.036999493157628,NA,NA,NA,NA,NA,NA,NA
"confounded",10054,"Joint_Condition_Platform_raw",84,80,4,20,0.8,0.0476190476190476,0.952380952380952,NA,NA,NA,NA,NA,NA,NA
"confounded",10055,"Separate_intersect",2,2,0,98,0.02,0,1,24,6,1,NA,NA,NA,NA
"confounded",10055,"Separate_union",28,28,0,72,0.28,0,1,NA,NA,NA,NA,NA,NA,NA
"confounded",10055,"Joint_Condition_only_harmonized",44,44,0,56,0.44,0,1,NA,NA,NA,NA,NA,NA,NA
"confounded",10055,"Joint_Condition_Platform_harmonized",72,70,2,30,0.7,0.0277777777777778,0.972222222222222,NA,NA,0.0277777777777778,70,68,0,0
"confounded",10055,"Joint_Condition_only_raw",1972,72,1900,28,0.72,0.963488843813387,0.0365111561866126,NA,NA,NA,NA,NA,NA,NA
"confounded",10055,"Joint_Condition_Platform_raw",78,73,5,27,0.73,0.0641025641025641,0.935897435897436,NA,NA,NA,NA,NA,NA,NA
"confounded",10056,"Separate_intersect",0,0,0,100,0,NA,NA,9,0,1,NA,NA,NA,NA
"confounded",10056,"Separate_union",9,9,0,91,0.09,0,1,NA,NA,NA,NA,NA,NA,NA
"confounded",10056,"Joint_Condition_only_harmonized",29,29,0,71,0.29,0,1,NA,NA,NA,NA,NA,NA,NA
"confounded",10056,"Joint_Condition_Platform_harmonized",62,62,0,38,0.62,0,1,NA,NA,0,62,62,0,0
"confounded",10056,"Joint_Condition_only_raw",1979,79,1900,21,0.79,0.960080848913593,0.0399191510864073,NA,NA,NA,NA,NA,NA,NA
"confounded",10056,"Joint_Condition_Platform_raw",73,69,4,31,0.69,0.0547945205479452,0.945205479452055,NA,NA,NA,NA,NA,NA,NA
"confounded",10057,"Separate_intersect",0,0,0,100,0,NA,NA,3,20,1,NA,NA,NA,NA
"confounded",10057,"Separate_union",23,23,0,77,0.23,0,1,NA,NA,NA,NA,NA,NA,NA
"confounded",10057,"Joint_Condition_only_harmonized",37,37,0,63,0.37,0,1,NA,NA,NA,NA,NA,NA,NA
"confounded",10057,"Joint_Condition_Platform_harmonized",71,70,1,30,0.7,0.0140845070422535,0.985915492957746,NA,NA,0,71,70,0,0
"confounded",10057,"Joint_Condition_only_raw",1976,76,1900,24,0.76,0.961538461538462,0.0384615384615385,NA,NA,NA,NA,NA,NA,NA
"confounded",10057,"Joint_Condition_Platform_raw",79,76,3,24,0.76,0.0379746835443038,0.962025316455696,NA,NA,NA,NA,NA,NA,NA
"confounded",10058,"Separate_intersect",4,4,0,96,0.04,0,1,6,20,1,NA,NA,NA,NA
"confounded",10058,"Separate_union",22,22,0,78,0.22,0,1,NA,NA,NA,NA,NA,NA,NA
"confounded",10058,"Joint_Condition_only_harmonized",35,35,0,65,0.35,0,1,NA,NA,NA,NA,NA,NA,NA
"confounded",10058,"Joint_Condition_Platform_harmonized",60,57,3,43,0.57,0.05,0.95,NA,NA,0.0666666666666667,56,53,0,0
"confounded",10058,"Joint_Condition_only_raw",1979,79,1900,21,0.79,0.960080848913593,0.0399191510864073,NA,NA,NA,NA,NA,NA,NA
"confounded",10058,"Joint_Condition_Platform_raw",73,71,2,29,0.71,0.0273972602739726,0.972602739726027,NA,NA,NA,NA,NA,NA,NA
"confounded",10059,"Separate_intersect",2,2,0,98,0.02,0,1,3,14,1,NA,NA,NA,NA
"confounded",10059,"Separate_union",15,15,0,85,0.15,0,1,NA,NA,NA,NA,NA,NA,NA
"confounded",10059,"Joint_Condition_only_harmonized",28,28,0,72,0.28,0,1,NA,NA,NA,NA,NA,NA,NA
"confounded",10059,"Joint_Condition_Platform_harmonized",70,68,2,32,0.68,0.0285714285714286,0.971428571428571,NA,NA,0.0285714285714286,68,66,0,0
"confounded",10059,"Joint_Condition_only_raw",1979,79,1900,21,0.79,0.960080848913593,0.0399191510864073,NA,NA,NA,NA,NA,NA,NA
"confounded",10059,"Joint_Condition_Platform_raw",79,77,2,23,0.77,0.0253164556962025,0.974683544303797,NA,NA,NA,NA,NA,NA,NA
"confounded",10060,"Separate_intersect",5,5,0,95,0.05,0,1,25,11,1,NA,NA,NA,NA
"confounded",10060,"Separate_union",31,29,2,71,0.29,0.0645161290322581,0.935483870967742,NA,NA,NA,NA,NA,NA,NA
"confounded",10060,"Joint_Condition_only_harmonized",33,33,0,67,0.33,0,1,NA,NA,NA,NA,NA,NA,NA
"confounded",10060,"Joint_Condition_Platform_harmonized",58,55,3,45,0.55,0.0517241379310345,0.948275862068966,NA,NA,0.0862068965517241,53,50,0,0
"confounded",10060,"Joint_Condition_only_raw",1977,77,1900,23,0.77,0.961052099140111,0.0389479008598887,NA,NA,NA,NA,NA,NA,NA
"confounded",10060,"Joint_Condition_Platform_raw",77,72,5,28,0.72,0.0649350649350649,0.935064935064935,NA,NA,NA,NA,NA,NA,NA
"confounded",10061,"Separate_intersect",0,0,0,100,0,NA,NA,8,4,1,NA,NA,NA,NA
"confounded",10061,"Separate_union",12,12,0,88,0.12,0,1,NA,NA,NA,NA,NA,NA,NA
"confounded",10061,"Joint_Condition_only_harmonized",24,24,0,76,0.24,0,1,NA,NA,NA,NA,NA,NA,NA
"confounded",10061,"Joint_Condition_Platform_harmonized",64,63,1,37,0.63,0.015625,0.984375,NA,NA,0,64,63,0,0
"confounded",10061,"Joint_Condition_only_raw",1978,78,1900,22,0.78,0.96056622851365,0.0394337714863498,NA,NA,NA,NA,NA,NA,NA
"confounded",10061,"Joint_Condition_Platform_raw",77,75,2,25,0.75,0.025974025974026,0.974025974025974,NA,NA,NA,NA,NA,NA,NA
"confounded",10062,"Separate_intersect",3,3,0,97,0.03,0,1,20,12,1,NA,NA,NA,NA
"confounded",10062,"Separate_union",29,28,1,72,0.28,0.0344827586206897,0.96551724137931,NA,NA,NA,NA,NA,NA,NA
"confounded",10062,"Joint_Condition_only_harmonized",44,44,0,56,0.44,0,1,NA,NA,NA,NA,NA,NA,NA
"confounded",10062,"Joint_Condition_Platform_harmonized",69,67,2,33,0.67,0.0289855072463768,0.971014492753623,NA,NA,0.0434782608695652,66,64,0,0
"confounded",10062,"Joint_Condition_only_raw",1971,71,1900,29,0.71,0.963977676306443,0.0360223236935566,NA,NA,NA,NA,NA,NA,NA
"confounded",10062,"Joint_Condition_Platform_raw",75,72,3,28,0.72,0.04,0.96,NA,NA,NA,NA,NA,NA,NA
"confounded",10063,"Separate_intersect",0,0,0,100,0,NA,NA,3,5,1,NA,NA,NA,NA
"confounded",10063,"Separate_union",8,8,0,92,0.08,0,1,NA,NA,NA,NA,NA,NA,NA
"confounded",10063,"Joint_Condition_only_harmonized",31,31,0,69,0.31,0,1,NA,NA,NA,NA,NA,NA,NA
"confounded",10063,"Joint_Condition_Platform_harmonized",70,69,1,31,0.69,0.0142857142857143,0.985714285714286,NA,NA,0,70,69,0,0
"confounded",10063,"Joint_Condition_only_raw",1975,75,1900,25,0.75,0.962025316455696,0.0379746835443038,NA,NA,NA,NA,NA,NA,NA
"confounded",10063,"Joint_Condition_Platform_raw",78,76,2,24,0.76,0.0256410256410256,0.974358974358974,NA,NA,NA,NA,NA,NA,NA
"confounded",10064,"Separate_intersect",0,0,0,100,0,NA,NA,0,17,1,NA,NA,NA,NA
"confounded",10064,"Separate_union",17,16,1,84,0.16,0.0588235294117647,0.941176470588235,NA,NA,NA,NA,NA,NA,NA
"confounded",10064,"Joint_Condition_only_harmonized",33,33,0,67,0.33,0,1,NA,NA,NA,NA,NA,NA,NA
"confounded",10064,"Joint_Condition_Platform_harmonized",76,73,3,27,0.73,0.0394736842105263,0.960526315789474,NA,NA,0,76,73,0,0
"confounded",10064,"Joint_Condition_only_raw",1975,75,1900,25,0.75,0.962025316455696,0.0379746835443038,NA,NA,NA,NA,NA,NA,NA
"confounded",10064,"Joint_Condition_Platform_raw",84,78,6,22,0.78,0.0714285714285714,0.928571428571429,NA,NA,NA,NA,NA,NA,NA
"confounded",10065,"Separate_intersect",4,4,0,96,0.04,0,1,15,8,1,NA,NA,NA,NA
"confounded",10065,"Separate_union",19,19,0,81,0.19,0,1,NA,NA,NA,NA,NA,NA,NA
"confounded",10065,"Joint_Condition_only_harmonized",34,34,0,66,0.34,0,1,NA,NA,NA,NA,NA,NA,NA
"confounded",10065,"Joint_Condition_Platform_harmonized",68,66,2,34,0.66,0.0294117647058824,0.970588235294118,NA,NA,0.0588235294117647,64,62,0,0
"confounded",10065,"Joint_Condition_only_raw",1984,84,1900,16,0.84,0.957661290322581,0.0423387096774194,NA,NA,NA,NA,NA,NA,NA
"confounded",10065,"Joint_Condition_Platform_raw",71,68,3,32,0.68,0.0422535211267606,0.957746478873239,NA,NA,NA,NA,NA,NA,NA
"confounded",10066,"Separate_intersect",1,1,0,99,0.01,0,1,15,11,1,NA,NA,NA,NA
"confounded",10066,"Separate_union",25,24,1,76,0.24,0.04,0.96,NA,NA,NA,NA,NA,NA,NA
"confounded",10066,"Joint_Condition_only_harmonized",36,36,0,64,0.36,0,1,NA,NA,NA,NA,NA,NA,NA
"confounded",10066,"Joint_Condition_Platform_harmonized",70,65,5,35,0.65,0.0714285714285714,0.928571428571429,NA,NA,0.0142857142857143,69,64,0,0
"confounded",10066,"Joint_Condition_only_raw",1974,74,1900,26,0.74,0.962512664640324,0.0374873353596758,NA,NA,NA,NA,NA,NA,NA
"confounded",10066,"Joint_Condition_Platform_raw",76,72,4,28,0.72,0.0526315789473684,0.947368421052632,NA,NA,NA,NA,NA,NA,NA
"confounded",10067,"Separate_intersect",0,0,0,100,0,NA,NA,0,7,1,NA,NA,NA,NA
"confounded",10067,"Separate_union",7,7,0,93,0.07,0,1,NA,NA,NA,NA,NA,NA,NA
"confounded",10067,"Joint_Condition_only_harmonized",27,27,0,73,0.27,0,1,NA,NA,NA,NA,NA,NA,NA
"confounded",10067,"Joint_Condition_Platform_harmonized",70,67,3,33,0.67,0.0428571428571429,0.957142857142857,NA,NA,0,70,67,0,0
"confounded",10067,"Joint_Condition_only_raw",1979,79,1900,21,0.79,0.960080848913593,0.0399191510864073,NA,NA,NA,NA,NA,NA,NA
"confounded",10067,"Joint_Condition_Platform_raw",78,73,5,27,0.73,0.0641025641025641,0.935897435897436,NA,NA,NA,NA,NA,NA,NA
"confounded",10068,"Separate_intersect",8,8,0,92,0.08,0,1,23,19,1,NA,NA,NA,NA
"confounded",10068,"Separate_union",34,33,1,67,0.33,0.0294117647058824,0.970588235294118,NA,NA,NA,NA,NA,NA,NA
"confounded",10068,"Joint_Condition_only_harmonized",36,36,0,64,0.36,0,1,NA,NA,NA,NA,NA,NA,NA
"confounded",10068,"Joint_Condition_Platform_harmonized",76,71,5,29,0.71,0.0657894736842105,0.934210526315789,NA,NA,0.105263157894737,68,63,0,0
"confounded",10068,"Joint_Condition_only_raw",1967,68,1899,32,0.68,0.965429588205389,0.0345704117946111,NA,NA,NA,NA,NA,NA,NA
"confounded",10068,"Joint_Condition_Platform_raw",82,75,7,25,0.75,0.0853658536585366,0.914634146341463,NA,NA,NA,NA,NA,NA,NA
"confounded",10069,"Separate_intersect",0,0,0,100,0,NA,NA,2,15,1,NA,NA,NA,NA
"confounded",10069,"Separate_union",17,16,1,84,0.16,0.0588235294117647,0.941176470588235,NA,NA,NA,NA,NA,NA,NA
"confounded",10069,"Joint_Condition_only_harmonized",36,36,0,64,0.36,0,1,NA,NA,NA,NA,NA,NA,NA
"confounded",10069,"Joint_Condition_Platform_harmonized",72,68,4,32,0.68,0.0555555555555556,0.944444444444444,NA,NA,0,72,68,0,0
"confounded",10069,"Joint_Condition_only_raw",1974,75,1899,25,0.75,0.962006079027356,0.0379939209726444,NA,NA,NA,NA,NA,NA,NA
"confounded",10069,"Joint_Condition_Platform_raw",81,75,6,25,0.75,0.0740740740740741,0.925925925925926,NA,NA,NA,NA,NA,NA,NA
"confounded",10070,"Separate_intersect",1,1,0,99,0.01,0,1,6,10,1,NA,NA,NA,NA
"confounded",10070,"Separate_union",15,15,0,85,0.15,0,1,NA,NA,NA,NA,NA,NA,NA
"confounded",10070,"Joint_Condition_only_harmonized",28,28,0,72,0.28,0,1,NA,NA,NA,NA,NA,NA,NA
"confounded",10070,"Joint_Condition_Platform_harmonized",72,67,5,33,0.67,0.0694444444444444,0.930555555555556,NA,NA,0.0138888888888889,71,66,0,0
"confounded",10070,"Joint_Condition_only_raw",1971,71,1900,29,0.71,0.963977676306443,0.0360223236935566,NA,NA,NA,NA,NA,NA,NA
"confounded",10070,"Joint_Condition_Platform_raw",76,71,5,29,0.71,0.0657894736842105,0.934210526315789,NA,NA,NA,NA,NA,NA,NA
"confounded",10071,"Separate_intersect",0,0,0,100,0,NA,NA,6,0,1,NA,NA,NA,NA
"confounded",10071,"Separate_union",6,6,0,94,0.06,0,1,NA,NA,NA,NA,NA,NA,NA
"confounded",10071,"Joint_Condition_only_harmonized",26,26,0,74,0.26,0,1,NA,NA,NA,NA,NA,NA,NA
"confounded",10071,"Joint_Condition_Platform_harmonized",68,67,1,33,0.67,0.0147058823529412,0.985294117647059,NA,NA,0,68,67,0,0
"confounded",10071,"Joint_Condition_only_raw",1972,72,1900,28,0.72,0.963488843813387,0.0365111561866126,NA,NA,NA,NA,NA,NA,NA
"confounded",10071,"Joint_Condition_Platform_raw",75,73,2,27,0.73,0.0266666666666667,0.973333333333333,NA,NA,NA,NA,NA,NA,NA
"confounded",10072,"Separate_intersect",2,2,0,98,0.02,0,1,18,7,1,NA,NA,NA,NA
"confounded",10072,"Separate_union",23,23,0,77,0.23,0,1,NA,NA,NA,NA,NA,NA,NA
"confounded",10072,"Joint_Condition_only_harmonized",31,31,0,69,0.31,0,1,NA,NA,NA,NA,NA,NA,NA
"confounded",10072,"Joint_Condition_Platform_harmonized",69,67,2,33,0.67,0.0289855072463768,0.971014492753623,NA,NA,0.0289855072463768,67,65,0,0
"confounded",10072,"Joint_Condition_only_raw",1981,81,1900,19,0.81,0.959111559818274,0.0408884401817264,NA,NA,NA,NA,NA,NA,NA
"confounded",10072,"Joint_Condition_Platform_raw",75,74,1,26,0.74,0.0133333333333333,0.986666666666667,NA,NA,NA,NA,NA,NA,NA
"confounded",10073,"Separate_intersect",2,2,0,98,0.02,0,1,5,23,1,NA,NA,NA,NA
"confounded",10073,"Separate_union",26,25,1,75,0.25,0.0384615384615385,0.961538461538462,NA,NA,NA,NA,NA,NA,NA
"confounded",10073,"Joint_Condition_only_harmonized",31,31,0,69,0.31,0,1,NA,NA,NA,NA,NA,NA,NA
"confounded",10073,"Joint_Condition_Platform_harmonized",71,66,5,34,0.66,0.0704225352112676,0.929577464788732,NA,NA,0.028169014084507,69,64,0,0
"confounded",10073,"Joint_Condition_only_raw",1980,80,1900,20,0.8,0.95959595959596,0.0404040404040404,NA,NA,NA,NA,NA,NA,NA
"confounded",10073,"Joint_Condition_Platform_raw",80,73,7,27,0.73,0.0875,0.9125,NA,NA,NA,NA,NA,NA,NA
"confounded",10074,"Separate_intersect",1,1,0,99,0.01,0,1,21,11,1,NA,NA,NA,NA
"confounded",10074,"Separate_union",31,30,1,70,0.3,0.032258064516129,0.967741935483871,NA,NA,NA,NA,NA,NA,NA
"confounded",10074,"Joint_Condition_only_harmonized",37,37,0,63,0.37,0,1,NA,NA,NA,NA,NA,NA,NA
"confounded",10074,"Joint_Condition_Platform_harmonized",65,62,3,38,0.62,0.0461538461538462,0.953846153846154,NA,NA,0.0153846153846154,64,61,0,0
"confounded",10074,"Joint_Condition_only_raw",1982,82,1900,18,0.82,0.958627648839556,0.041372351160444,NA,NA,NA,NA,NA,NA,NA
"confounded",10074,"Joint_Condition_Platform_raw",74,73,1,27,0.73,0.0135135135135135,0.986486486486487,NA,NA,NA,NA,NA,NA,NA
"confounded",10075,"Separate_intersect",0,0,0,100,0,NA,NA,0,0,1,NA,NA,NA,NA
"confounded",10075,"Separate_union",0,0,0,100,0,NA,NA,NA,NA,NA,NA,NA,NA,NA
"confounded",10075,"Joint_Condition_only_harmonized",32,32,0,68,0.32,0,1,NA,NA,NA,NA,NA,NA,NA
"confounded",10075,"Joint_Condition_Platform_harmonized",70,69,1,31,0.69,0.0142857142857143,0.985714285714286,NA,NA,0,70,69,0,0
"confounded",10075,"Joint_Condition_only_raw",1980,80,1900,20,0.8,0.95959595959596,0.0404040404040404,NA,NA,NA,NA,NA,NA,NA
"confounded",10075,"Joint_Condition_Platform_raw",74,71,3,29,0.71,0.0405405405405405,0.959459459459459,NA,NA,NA,NA,NA,NA,NA
"confounded",10076,"Separate_intersect",11,11,0,89,0.11,0,1,19,23,1,NA,NA,NA,NA
"confounded",10076,"Separate_union",31,31,0,69,0.31,0,1,NA,NA,NA,NA,NA,NA,NA
"confounded",10076,"Joint_Condition_only_harmonized",39,39,0,61,0.39,0,1,NA,NA,NA,NA,NA,NA,NA
"confounded",10076,"Joint_Condition_Platform_harmonized",68,65,3,35,0.65,0.0441176470588235,0.955882352941177,NA,NA,0.161764705882353,57,54,0,0
"confounded",10076,"Joint_Condition_only_raw",1979,79,1900,21,0.79,0.960080848913593,0.0399191510864073,NA,NA,NA,NA,NA,NA,NA
"confounded",10076,"Joint_Condition_Platform_raw",79,73,6,27,0.73,0.0759493670886076,0.924050632911392,NA,NA,NA,NA,NA,NA,NA
"confounded",10077,"Separate_intersect",5,5,0,95,0.05,0,1,10,36,1,NA,NA,NA,NA
"confounded",10077,"Separate_union",41,40,1,60,0.4,0.024390243902439,0.975609756097561,NA,NA,NA,NA,NA,NA,NA
"confounded",10077,"Joint_Condition_only_harmonized",42,42,0,58,0.42,0,1,NA,NA,NA,NA,NA,NA,NA
"confounded",10077,"Joint_Condition_Platform_harmonized",72,67,5,33,0.67,0.0694444444444444,0.930555555555556,NA,NA,0.0694444444444444,67,62,0,0
"confounded",10077,"Joint_Condition_only_raw",1978,78,1900,22,0.78,0.96056622851365,0.0394337714863498,NA,NA,NA,NA,NA,NA,NA
"confounded",10077,"Joint_Condition_Platform_raw",75,69,6,31,0.69,0.08,0.92,NA,NA,NA,NA,NA,NA,NA
"confounded",10078,"Separate_intersect",5,5,0,95,0.05,0,1,10,19,1,NA,NA,NA,NA
"confounded",10078,"Separate_union",24,24,0,76,0.24,0,1,NA,NA,NA,NA,NA,NA,NA
"confounded",10078,"Joint_Condition_only_harmonized",30,30,0,70,0.3,0,1,NA,NA,NA,NA,NA,NA,NA
"confounded",10078,"Joint_Condition_Platform_harmonized",82,79,3,21,0.79,0.0365853658536585,0.963414634146341,NA,NA,0.0609756097560976,77,74,0,0
"confounded",10078,"Joint_Condition_only_raw",1980,80,1900,20,0.8,0.95959595959596,0.0404040404040404,NA,NA,NA,NA,NA,NA,NA
"confounded",10078,"Joint_Condition_Platform_raw",79,75,4,25,0.75,0.0506329113924051,0.949367088607595,NA,NA,NA,NA,NA,NA,NA
"confounded",10079,"Separate_intersect",0,0,0,100,0,NA,NA,0,7,1,NA,NA,NA,NA
"confounded",10079,"Separate_union",7,7,0,93,0.07,0,1,NA,NA,NA,NA,NA,NA,NA
"confounded",10079,"Joint_Condition_only_harmonized",32,32,0,68,0.32,0,1,NA,NA,NA,NA,NA,NA,NA
"confounded",10079,"Joint_Condition_Platform_harmonized",77,73,4,27,0.73,0.051948051948052,0.948051948051948,NA,NA,0,77,73,0,0
"confounded",10079,"Joint_Condition_only_raw",1972,72,1900,28,0.72,0.963488843813387,0.0365111561866126,NA,NA,NA,NA,NA,NA,NA
"confounded",10079,"Joint_Condition_Platform_raw",82,78,4,22,0.78,0.0487804878048781,0.951219512195122,NA,NA,NA,NA,NA,NA,NA
"confounded",10080,"Separate_intersect",2,2,0,98,0.02,0,1,13,9,1,NA,NA,NA,NA
"confounded",10080,"Separate_union",20,20,0,80,0.2,0,1,NA,NA,NA,NA,NA,NA,NA
"confounded",10080,"Joint_Condition_only_harmonized",34,34,0,66,0.34,0,1,NA,NA,NA,NA,NA,NA,NA
"confounded",10080,"Joint_Condition_Platform_harmonized",75,73,2,27,0.73,0.0266666666666667,0.973333333333333,NA,NA,0.0266666666666667,73,71,0,0
"confounded",10080,"Joint_Condition_only_raw",1973,73,1900,27,0.73,0.963000506842372,0.036999493157628,NA,NA,NA,NA,NA,NA,NA
"confounded",10080,"Joint_Condition_Platform_raw",86,81,5,19,0.81,0.0581395348837209,0.941860465116279,NA,NA,NA,NA,NA,NA,NA
"confounded",10081,"Separate_intersect",0,0,0,100,0,NA,NA,10,2,1,NA,NA,NA,NA
"confounded",10081,"Separate_union",12,12,0,88,0.12,0,1,NA,NA,NA,NA,NA,NA,NA
"confounded",10081,"Joint_Condition_only_harmonized",26,26,0,74,0.26,0,1,NA,NA,NA,NA,NA,NA,NA
"confounded",10081,"Joint_Condition_Platform_harmonized",62,61,1,39,0.61,0.0161290322580645,0.983870967741935,NA,NA,0,62,61,0,0
"confounded",10081,"Joint_Condition_only_raw",1985,85,1900,15,0.85,0.957178841309824,0.0428211586901763,NA,NA,NA,NA,NA,NA,NA
"confounded",10081,"Joint_Condition_Platform_raw",71,66,5,34,0.66,0.0704225352112676,0.929577464788732,NA,NA,NA,NA,NA,NA,NA
"confounded",10082,"Separate_intersect",5,5,0,95,0.05,0,1,18,20,1,NA,NA,NA,NA
"confounded",10082,"Separate_union",33,33,0,67,0.33,0,1,NA,NA,NA,NA,NA,NA,NA
"confounded",10082,"Joint_Condition_only_harmonized",36,36,0,64,0.36,0,1,NA,NA,NA,NA,NA,NA,NA
"confounded",10082,"Joint_Condition_Platform_harmonized",70,68,2,32,0.68,0.0285714285714286,0.971428571428571,NA,NA,0.0714285714285714,65,63,0,0
"confounded",10082,"Joint_Condition_only_raw",1977,77,1900,23,0.77,0.961052099140111,0.0389479008598887,NA,NA,NA,NA,NA,NA,NA
"confounded",10082,"Joint_Condition_Platform_raw",79,77,2,23,0.77,0.0253164556962025,0.974683544303797,NA,NA,NA,NA,NA,NA,NA
"confounded",10083,"Separate_intersect",0,0,0,100,0,NA,NA,14,0,1,NA,NA,NA,NA
"confounded",10083,"Separate_union",14,14,0,86,0.14,0,1,NA,NA,NA,NA,NA,NA,NA
"confounded",10083,"Joint_Condition_only_harmonized",21,21,0,79,0.21,0,1,NA,NA,NA,NA,NA,NA,NA
"confounded",10083,"Joint_Condition_Platform_harmonized",74,67,7,33,0.67,0.0945945945945946,0.905405405405405,NA,NA,0,74,67,0,0
"confounded",10083,"Joint_Condition_only_raw",1987,87,1900,13,0.87,0.956215400100654,0.0437845998993457,NA,NA,NA,NA,NA,NA,NA
"confounded",10083,"Joint_Condition_Platform_raw",78,70,8,30,0.7,0.102564102564103,0.897435897435897,NA,NA,NA,NA,NA,NA,NA
"confounded",10084,"Separate_intersect",0,0,0,100,0,NA,NA,0,4,1,NA,NA,NA,NA
"confounded",10084,"Separate_union",4,4,0,96,0.04,0,1,NA,NA,NA,NA,NA,NA,NA
"confounded",10084,"Joint_Condition_only_harmonized",34,34,0,66,0.34,0,1,NA,NA,NA,NA,NA,NA,NA
"confounded",10084,"Joint_Condition_Platform_harmonized",70,69,1,31,0.69,0.0142857142857143,0.985714285714286,NA,NA,0,70,69,0,0
"confounded",10084,"Joint_Condition_only_raw",1977,77,1900,23,0.77,0.961052099140111,0.0389479008598887,NA,NA,NA,NA,NA,NA,NA
"confounded",10084,"Joint_Condition_Platform_raw",86,80,6,20,0.8,0.0697674418604651,0.930232558139535,NA,NA,NA,NA,NA,NA,NA
"confounded",10085,"Separate_intersect",4,4,0,96,0.04,0,1,12,27,1,NA,NA,NA,NA
"confounded",10085,"Separate_union",35,33,2,67,0.33,0.0571428571428571,0.942857142857143,NA,NA,NA,NA,NA,NA,NA
"confounded",10085,"Joint_Condition_only_harmonized",37,36,1,64,0.36,0.027027027027027,0.972972972972973,NA,NA,NA,NA,NA,NA,NA
"confounded",10085,"Joint_Condition_Platform_harmonized",68,64,4,36,0.64,0.0588235294117647,0.941176470588235,NA,NA,0.0588235294117647,64,60,0,0
"confounded",10085,"Joint_Condition_only_raw",1982,82,1900,18,0.82,0.958627648839556,0.041372351160444,NA,NA,NA,NA,NA,NA,NA
"confounded",10085,"Joint_Condition_Platform_raw",74,70,4,30,0.7,0.0540540540540541,0.945945945945946,NA,NA,NA,NA,NA,NA,NA
"confounded",10086,"Separate_intersect",1,1,0,99,0.01,0,1,16,5,1,NA,NA,NA,NA
"confounded",10086,"Separate_union",20,20,0,80,0.2,0,1,NA,NA,NA,NA,NA,NA,NA
"confounded",10086,"Joint_Condition_only_harmonized",34,34,0,66,0.34,0,1,NA,NA,NA,NA,NA,NA,NA
"confounded",10086,"Joint_Condition_Platform_harmonized",65,64,1,36,0.64,0.0153846153846154,0.984615384615385,NA,NA,0.0153846153846154,64,63,0,0
"confounded",10086,"Joint_Condition_only_raw",1970,70,1900,30,0.7,0.964467005076142,0.0355329949238579,NA,NA,NA,NA,NA,NA,NA
"confounded",10086,"Joint_Condition_Platform_raw",71,70,1,30,0.7,0.0140845070422535,0.985915492957746,NA,NA,NA,NA,NA,NA,NA
"confounded",10087,"Separate_intersect",0,0,0,100,0,NA,NA,0,4,1,NA,NA,NA,NA
"confounded",10087,"Separate_union",4,4,0,96,0.04,0,1,NA,NA,NA,NA,NA,NA,NA
"confounded",10087,"Joint_Condition_only_harmonized",33,33,0,67,0.33,0,1,NA,NA,NA,NA,NA,NA,NA
"confounded",10087,"Joint_Condition_Platform_harmonized",66,63,3,37,0.63,0.0454545454545455,0.954545454545455,NA,NA,0,66,63,0,0
"confounded",10087,"Joint_Condition_only_raw",1971,71,1900,29,0.71,0.963977676306443,0.0360223236935566,NA,NA,NA,NA,NA,NA,NA
"confounded",10087,"Joint_Condition_Platform_raw",75,70,5,30,0.7,0.0666666666666667,0.933333333333333,NA,NA,NA,NA,NA,NA,NA
"confounded",10088,"Separate_intersect",5,5,0,95,0.05,0,1,14,14,1,NA,NA,NA,NA
"confounded",10088,"Separate_union",23,21,2,79,0.21,0.0869565217391304,0.91304347826087,NA,NA,NA,NA,NA,NA,NA
"confounded",10088,"Joint_Condition_only_harmonized",29,29,0,71,0.29,0,1,NA,NA,NA,NA,NA,NA,NA
"confounded",10088,"Joint_Condition_Platform_harmonized",56,55,1,45,0.55,0.0178571428571429,0.982142857142857,NA,NA,0.0892857142857143,51,50,0,0
"confounded",10088,"Joint_Condition_only_raw",1980,80,1900,20,0.8,0.95959595959596,0.0404040404040404,NA,NA,NA,NA,NA,NA,NA
"confounded",10088,"Joint_Condition_Platform_raw",67,64,3,36,0.64,0.0447761194029851,0.955223880597015,NA,NA,NA,NA,NA,NA,NA
"confounded",10089,"Separate_intersect",5,5,0,95,0.05,0,1,23,14,1,NA,NA,NA,NA
"confounded",10089,"Separate_union",32,32,0,68,0.32,0,1,NA,NA,NA,NA,NA,NA,NA
"confounded",10089,"Joint_Condition_only_harmonized",39,39,0,61,0.39,0,1,NA,NA,NA,NA,NA,NA,NA
"confounded",10089,"Joint_Condition_Platform_harmonized",71,66,5,34,0.66,0.0704225352112676,0.929577464788732,NA,NA,0.0704225352112676,66,61,0,0
"confounded",10089,"Joint_Condition_only_raw",1975,75,1900,25,0.75,0.962025316455696,0.0379746835443038,NA,NA,NA,NA,NA,NA,NA
"confounded",10089,"Joint_Condition_Platform_raw",85,76,9,24,0.76,0.105882352941176,0.894117647058824,NA,NA,NA,NA,NA,NA,NA
"confounded",10090,"Separate_intersect",3,3,0,97,0.03,0,1,21,14,1,NA,NA,NA,NA
"confounded",10090,"Separate_union",32,31,1,69,0.31,0.03125,0.96875,NA,NA,NA,NA,NA,NA,NA
"confounded",10090,"Joint_Condition_only_harmonized",40,40,0,60,0.4,0,1,NA,NA,NA,NA,NA,NA,NA
"confounded",10090,"Joint_Condition_Platform_harmonized",77,74,3,26,0.74,0.038961038961039,0.961038961038961,NA,NA,0.038961038961039,74,71,0,0
"confounded",10090,"Joint_Condition_only_raw",1963,63,1900,37,0.63,0.967906265919511,0.032093734080489,NA,NA,NA,NA,NA,NA,NA
"confounded",10090,"Joint_Condition_Platform_raw",82,78,4,22,0.78,0.0487804878048781,0.951219512195122,NA,NA,NA,NA,NA,NA,NA
"confounded",10091,"Separate_intersect",1,1,0,99,0.01,0,1,3,16,1,NA,NA,NA,NA
"confounded",10091,"Separate_union",18,18,0,82,0.18,0,1,NA,NA,NA,NA,NA,NA,NA
"confounded",10091,"Joint_Condition_only_harmonized",32,32,0,68,0.32,0,1,NA,NA,NA,NA,NA,NA,NA
"confounded",10091,"Joint_Condition_Platform_harmonized",62,60,2,40,0.6,0.032258064516129,0.967741935483871,NA,NA,0.0161290322580645,61,59,0,0
"confounded",10091,"Joint_Condition_only_raw",1980,80,1900,20,0.8,0.95959595959596,0.0404040404040404,NA,NA,NA,NA,NA,NA,NA
"confounded",10091,"Joint_Condition_Platform_raw",71,69,2,31,0.69,0.028169014084507,0.971830985915493,NA,NA,NA,NA,NA,NA,NA
"confounded",10092,"Separate_intersect",3,3,0,97,0.03,0,1,13,19,1,NA,NA,NA,NA
"confounded",10092,"Separate_union",29,28,1,72,0.28,0.0344827586206897,0.96551724137931,NA,NA,NA,NA,NA,NA,NA
"confounded",10092,"Joint_Condition_only_harmonized",32,32,0,68,0.32,0,1,NA,NA,NA,NA,NA,NA,NA
"confounded",10092,"Joint_Condition_Platform_harmonized",81,77,4,23,0.77,0.0493827160493827,0.950617283950617,NA,NA,0.037037037037037,78,74,0,0
"confounded",10092,"Joint_Condition_only_raw",1970,70,1900,30,0.7,0.964467005076142,0.0355329949238579,NA,NA,NA,NA,NA,NA,NA
"confounded",10092,"Joint_Condition_Platform_raw",82,78,4,22,0.78,0.0487804878048781,0.951219512195122,NA,NA,NA,NA,NA,NA,NA
